{
  "early_to_baseline": [
    [
      0.9961492470128716,
      -0.001047332616550491,
      2.5897322966599994
    ],
    [
      0.001047332616550491,
      0.9961492470128716,
      -0.1387710064448402
    ]
  ],
  "late_to_baseline": [
    [
      0.9916233297564843,
      -0.0014118254177597476,
      5.32255703153161
    ],
    [
      0.0014118254177597476,
      0.9916233297564843,
      -0.12165381187703428
    ]
  ]
}